,0,1,2,3,4,5
0,Finals,Boston Celtics tied with Golden State Warriors  (1-1),Series Stats,,,
1,"Game 1 Thu, June 2 Boston Celtics 120@ Golden State Warriors 108 Game 2 Sun, June 5 Boston Celtics 88@ Golden State Warriors 107 Game 3 Wed, June 8 Golden State Warriors @ Boston Celtics Game 4 Fri, June 10 Golden State Warriors @ Boston Celtics Game 5 Mon, June 13 Boston Celtics @ Golden State Warriors Game 6 Thu, June 16 Golden State Warriors @ Boston Celtics Game 7 Sun, June 19 Boston Celtics @ Golden State Warriors","Game 1 Thu, June 2 Boston Celtics 120@ Golden State Warriors 108 Game 2 Sun, June 5 Boston Celtics 88@ Golden State Warriors 107 Game 3 Wed, June 8 Golden State Warriors @ Boston Celtics Game 4 Fri, June 10 Golden State Warriors @ Boston Celtics Game 5 Mon, June 13 Boston Celtics @ Golden State Warriors Game 6 Thu, June 16 Golden State Warriors @ Boston Celtics Game 7 Sun, June 19 Boston Celtics @ Golden State Warriors","Game 1 Thu, June 2 Boston Celtics 120@ Golden State Warriors 108 Game 2 Sun, June 5 Boston Celtics 88@ Golden State Warriors 107 Game 3 Wed, June 8 Golden State Warriors @ Boston Celtics Game 4 Fri, June 10 Golden State Warriors @ Boston Celtics Game 5 Mon, June 13 Boston Celtics @ Golden State Warriors Game 6 Thu, June 16 Golden State Warriors @ Boston Celtics Game 7 Sun, June 19 Boston Celtics @ Golden State Warriors",,,
2,Game 1,"Thu, June 2",Boston Celtics,120.0,@ Golden State Warriors,108.0
3,Game 2,"Sun, June 5",Boston Celtics,88.0,@ Golden State Warriors,107.0
4,Game 3,"Wed, June 8",Golden State Warriors,,@ Boston Celtics,
5,Game 4,"Fri, June 10",Golden State Warriors,,@ Boston Celtics,
6,Game 5,"Mon, June 13",Boston Celtics,,@ Golden State Warriors,
7,Game 6,"Thu, June 16",Golden State Warriors,,@ Boston Celtics,
8,Game 7,"Sun, June 19",Boston Celtics,,@ Golden State Warriors,
9,,,,,,
10,Eastern Conference Finals,Boston Celtics over Miami Heat  (4-3),Series Stats,,,
11,"Game 1 Tue, May 17 Boston Celtics 107@ Miami Heat 118 Game 2 Thu, May 19 Boston Celtics 127@ Miami Heat 102 Game 3 Sat, May 21 Miami Heat 109@ Boston Celtics 103 Game 4 Mon, May 23 Miami Heat 82@ Boston Celtics 102 Game 5 Wed, May 25 Boston Celtics 93@ Miami Heat 80 Game 6 Fri, May 27 Miami Heat 111@ Boston Celtics 103 Game 7 Sun, May 29 Boston Celtics 100@ Miami Heat 96","Game 1 Tue, May 17 Boston Celtics 107@ Miami Heat 118 Game 2 Thu, May 19 Boston Celtics 127@ Miami Heat 102 Game 3 Sat, May 21 Miami Heat 109@ Boston Celtics 103 Game 4 Mon, May 23 Miami Heat 82@ Boston Celtics 102 Game 5 Wed, May 25 Boston Celtics 93@ Miami Heat 80 Game 6 Fri, May 27 Miami Heat 111@ Boston Celtics 103 Game 7 Sun, May 29 Boston Celtics 100@ Miami Heat 96","Game 1 Tue, May 17 Boston Celtics 107@ Miami Heat 118 Game 2 Thu, May 19 Boston Celtics 127@ Miami Heat 102 Game 3 Sat, May 21 Miami Heat 109@ Boston Celtics 103 Game 4 Mon, May 23 Miami Heat 82@ Boston Celtics 102 Game 5 Wed, May 25 Boston Celtics 93@ Miami Heat 80 Game 6 Fri, May 27 Miami Heat 111@ Boston Celtics 103 Game 7 Sun, May 29 Boston Celtics 100@ Miami Heat 96",,,
12,Game 1,"Tue, May 17",Boston Celtics,107.0,@ Miami Heat,118.0
13,Game 2,"Thu, May 19",Boston Celtics,127.0,@ Miami Heat,102.0
14,Game 3,"Sat, May 21",Miami Heat,109.0,@ Boston Celtics,103.0
15,Game 4,"Mon, May 23",Miami Heat,82.0,@ Boston Celtics,102.0
16,Game 5,"Wed, May 25",Boston Celtics,93.0,@ Miami Heat,80.0
17,Game 6,"Fri, May 27",Miami Heat,111.0,@ Boston Celtics,103.0
18,Game 7,"Sun, May 29",Boston Celtics,100.0,@ Miami Heat,96.0
19,Western Conference Finals,Golden State Warriors over Dallas Mavericks  (4-1),Series Stats,,,
20,"Game 1 Wed, May 18 Dallas Mavericks 87@ Golden State Warriors 112 Game 2 Fri, May 20 Dallas Mavericks 117@ Golden State Warriors 126 Game 3 Sun, May 22 Golden State Warriors 109@ Dallas Mavericks 100 Game 4 Tue, May 24 Golden State Warriors 109@ Dallas Mavericks 119 Game 5 Thu, May 26 Dallas Mavericks 110@ Golden State Warriors 120","Game 1 Wed, May 18 Dallas Mavericks 87@ Golden State Warriors 112 Game 2 Fri, May 20 Dallas Mavericks 117@ Golden State Warriors 126 Game 3 Sun, May 22 Golden State Warriors 109@ Dallas Mavericks 100 Game 4 Tue, May 24 Golden State Warriors 109@ Dallas Mavericks 119 Game 5 Thu, May 26 Dallas Mavericks 110@ Golden State Warriors 120","Game 1 Wed, May 18 Dallas Mavericks 87@ Golden State Warriors 112 Game 2 Fri, May 20 Dallas Mavericks 117@ Golden State Warriors 126 Game 3 Sun, May 22 Golden State Warriors 109@ Dallas Mavericks 100 Game 4 Tue, May 24 Golden State Warriors 109@ Dallas Mavericks 119 Game 5 Thu, May 26 Dallas Mavericks 110@ Golden State Warriors 120",,,
21,Game 1,"Wed, May 18",Dallas Mavericks,87.0,@ Golden State Warriors,112.0
22,Game 2,"Fri, May 20",Dallas Mavericks,117.0,@ Golden State Warriors,126.0
23,Game 3,"Sun, May 22",Golden State Warriors,109.0,@ Dallas Mavericks,100.0
24,Game 4,"Tue, May 24",Golden State Warriors,109.0,@ Dallas Mavericks,119.0
25,Game 5,"Thu, May 26",Dallas Mavericks,110.0,@ Golden State Warriors,120.0
26,,,,,,
27,Eastern Conference Semifinals,Boston Celtics over Milwaukee Bucks  (4-3),Series Stats,,,
28,"Game 1 Sun, May 1 Milwaukee Bucks 101@ Boston Celtics 89 Game 2 Tue, May 3 Milwaukee Bucks 86@ Boston Celtics 109 Game 3 Sat, May 7 Boston Celtics 101@ Milwaukee Bucks 103 Game 4 Mon, May 9 Boston Celtics 116@ Milwaukee Bucks 108 Game 5 Wed, May 11 Milwaukee Bucks 110@ Boston Celtics 107 Game 6 Fri, May 13 Boston Celtics 108@ Milwaukee Bucks 95 Game 7 Sun, May 15 Milwaukee Bucks 81@ Boston Celtics 109","Game 1 Sun, May 1 Milwaukee Bucks 101@ Boston Celtics 89 Game 2 Tue, May 3 Milwaukee Bucks 86@ Boston Celtics 109 Game 3 Sat, May 7 Boston Celtics 101@ Milwaukee Bucks 103 Game 4 Mon, May 9 Boston Celtics 116@ Milwaukee Bucks 108 Game 5 Wed, May 11 Milwaukee Bucks 110@ Boston Celtics 107 Game 6 Fri, May 13 Boston Celtics 108@ Milwaukee Bucks 95 Game 7 Sun, May 15 Milwaukee Bucks 81@ Boston Celtics 109","Game 1 Sun, May 1 Milwaukee Bucks 101@ Boston Celtics 89 Game 2 Tue, May 3 Milwaukee Bucks 86@ Boston Celtics 109 Game 3 Sat, May 7 Boston Celtics 101@ Milwaukee Bucks 103 Game 4 Mon, May 9 Boston Celtics 116@ Milwaukee Bucks 108 Game 5 Wed, May 11 Milwaukee Bucks 110@ Boston Celtics 107 Game 6 Fri, May 13 Boston Celtics 108@ Milwaukee Bucks 95 Game 7 Sun, May 15 Milwaukee Bucks 81@ Boston Celtics 109",,,
29,Game 1,"Sun, May 1",Milwaukee Bucks,101.0,@ Boston Celtics,89.0
30,Game 2,"Tue, May 3",Milwaukee Bucks,86.0,@ Boston Celtics,109.0
31,Game 3,"Sat, May 7",Boston Celtics,101.0,@ Milwaukee Bucks,103.0
32,Game 4,"Mon, May 9",Boston Celtics,116.0,@ Milwaukee Bucks,108.0
33,Game 5,"Wed, May 11",Milwaukee Bucks,110.0,@ Boston Celtics,107.0
34,Game 6,"Fri, May 13",Boston Celtics,108.0,@ Milwaukee Bucks,95.0
35,Game 7,"Sun, May 15",Milwaukee Bucks,81.0,@ Boston Celtics,109.0
36,Eastern Conference Semifinals,Miami Heat over Philadelphia 76ers  (4-2),Series Stats,,,
37,"Game 1 Mon, May 2 Philadelphia 76ers 92@ Miami Heat 106 Game 2 Wed, May 4 Philadelphia 76ers 103@ Miami Heat 119 Game 3 Fri, May 6 Miami Heat 79@ Philadelphia 76ers 99 Game 4 Sun, May 8 Miami Heat 108@ Philadelphia 76ers 116 Game 5 Tue, May 10 Philadelphia 76ers 85@ Miami Heat 120 Game 6 Thu, May 12 Miami Heat 99@ Philadelphia 76ers 90","Game 1 Mon, May 2 Philadelphia 76ers 92@ Miami Heat 106 Game 2 Wed, May 4 Philadelphia 76ers 103@ Miami Heat 119 Game 3 Fri, May 6 Miami Heat 79@ Philadelphia 76ers 99 Game 4 Sun, May 8 Miami Heat 108@ Philadelphia 76ers 116 Game 5 Tue, May 10 Philadelphia 76ers 85@ Miami Heat 120 Game 6 Thu, May 12 Miami Heat 99@ Philadelphia 76ers 90","Game 1 Mon, May 2 Philadelphia 76ers 92@ Miami Heat 106 Game 2 Wed, May 4 Philadelphia 76ers 103@ Miami Heat 119 Game 3 Fri, May 6 Miami Heat 79@ Philadelphia 76ers 99 Game 4 Sun, May 8 Miami Heat 108@ Philadelphia 76ers 116 Game 5 Tue, May 10 Philadelphia 76ers 85@ Miami Heat 120 Game 6 Thu, May 12 Miami Heat 99@ Philadelphia 76ers 90",,,
38,Game 1,"Mon, May 2",Philadelphia 76ers,92.0,@ Miami Heat,106.0
39,Game 2,"Wed, May 4",Philadelphia 76ers,103.0,@ Miami Heat,119.0
40,Game 3,"Fri, May 6",Miami Heat,79.0,@ Philadelphia 76ers,99.0
41,Game 4,"Sun, May 8",Miami Heat,108.0,@ Philadelphia 76ers,116.0
42,Game 5,"Tue, May 10",Philadelphia 76ers,85.0,@ Miami Heat,120.0
43,Game 6,"Thu, May 12",Miami Heat,99.0,@ Philadelphia 76ers,90.0
44,Western Conference Semifinals,Dallas Mavericks over Phoenix Suns  (4-3),Series Stats,,,
45,"Game 1 Mon, May 2 Dallas Mavericks 114@ Phoenix Suns 121 Game 2 Wed, May 4 Dallas Mavericks 109@ Phoenix Suns 129 Game 3 Fri, May 6 Phoenix Suns 94@ Dallas Mavericks 103 Game 4 Sun, May 8 Phoenix Suns 101@ Dallas Mavericks 111 Game 5 Tue, May 10 Dallas Mavericks 80@ Phoenix Suns 110 Game 6 Thu, May 12 Phoenix Suns 86@ Dallas Mavericks 113 Game 7 Sun, May 15 Dallas Mavericks 123@ Phoenix Suns 90","Game 1 Mon, May 2 Dallas Mavericks 114@ Phoenix Suns 121 Game 2 Wed, May 4 Dallas Mavericks 109@ Phoenix Suns 129 Game 3 Fri, May 6 Phoenix Suns 94@ Dallas Mavericks 103 Game 4 Sun, May 8 Phoenix Suns 101@ Dallas Mavericks 111 Game 5 Tue, May 10 Dallas Mavericks 80@ Phoenix Suns 110 Game 6 Thu, May 12 Phoenix Suns 86@ Dallas Mavericks 113 Game 7 Sun, May 15 Dallas Mavericks 123@ Phoenix Suns 90","Game 1 Mon, May 2 Dallas Mavericks 114@ Phoenix Suns 121 Game 2 Wed, May 4 Dallas Mavericks 109@ Phoenix Suns 129 Game 3 Fri, May 6 Phoenix Suns 94@ Dallas Mavericks 103 Game 4 Sun, May 8 Phoenix Suns 101@ Dallas Mavericks 111 Game 5 Tue, May 10 Dallas Mavericks 80@ Phoenix Suns 110 Game 6 Thu, May 12 Phoenix Suns 86@ Dallas Mavericks 113 Game 7 Sun, May 15 Dallas Mavericks 123@ Phoenix Suns 90",,,
46,Game 1,"Mon, May 2",Dallas Mavericks,114.0,@ Phoenix Suns,121.0
47,Game 2,"Wed, May 4",Dallas Mavericks,109.0,@ Phoenix Suns,129.0
48,Game 3,"Fri, May 6",Phoenix Suns,94.0,@ Dallas Mavericks,103.0
49,Game 4,"Sun, May 8",Phoenix Suns,101.0,@ Dallas Mavericks,111.0
50,Game 5,"Tue, May 10",Dallas Mavericks,80.0,@ Phoenix Suns,110.0
51,Game 6,"Thu, May 12",Phoenix Suns,86.0,@ Dallas Mavericks,113.0
52,Game 7,"Sun, May 15",Dallas Mavericks,123.0,@ Phoenix Suns,90.0
53,Western Conference Semifinals,Golden State Warriors over Memphis Grizzlies  (4-2),Series Stats,,,
54,"Game 1 Sun, May 1 Golden State Warriors 117@ Memphis Grizzlies 116 Game 2 Tue, May 3 Golden State Warriors 101@ Memphis Grizzlies 106 Game 3 Sat, May 7 Memphis Grizzlies 112@ Golden State Warriors 142 Game 4 Mon, May 9 Memphis Grizzlies 98@ Golden State Warriors 101 Game 5 Wed, May 11 Golden State Warriors 95@ Memphis Grizzlies 134 Game 6 Fri, May 13 Memphis Grizzlies 96@ Golden State Warriors 110","Game 1 Sun, May 1 Golden State Warriors 117@ Memphis Grizzlies 116 Game 2 Tue, May 3 Golden State Warriors 101@ Memphis Grizzlies 106 Game 3 Sat, May 7 Memphis Grizzlies 112@ Golden State Warriors 142 Game 4 Mon, May 9 Memphis Grizzlies 98@ Golden State Warriors 101 Game 5 Wed, May 11 Golden State Warriors 95@ Memphis Grizzlies 134 Game 6 Fri, May 13 Memphis Grizzlies 96@ Golden State Warriors 110","Game 1 Sun, May 1 Golden State Warriors 117@ Memphis Grizzlies 116 Game 2 Tue, May 3 Golden State Warriors 101@ Memphis Grizzlies 106 Game 3 Sat, May 7 Memphis Grizzlies 112@ Golden State Warriors 142 Game 4 Mon, May 9 Memphis Grizzlies 98@ Golden State Warriors 101 Game 5 Wed, May 11 Golden State Warriors 95@ Memphis Grizzlies 134 Game 6 Fri, May 13 Memphis Grizzlies 96@ Golden State Warriors 110",,,
55,Game 1,"Sun, May 1",Golden State Warriors,117.0,@ Memphis Grizzlies,116.0
56,Game 2,"Tue, May 3",Golden State Warriors,101.0,@ Memphis Grizzlies,106.0
57,Game 3,"Sat, May 7",Memphis Grizzlies,112.0,@ Golden State Warriors,142.0
58,Game 4,"Mon, May 9",Memphis Grizzlies,98.0,@ Golden State Warriors,101.0
59,Game 5,"Wed, May 11",Golden State Warriors,95.0,@ Memphis Grizzlies,134.0
60,Game 6,"Fri, May 13",Memphis Grizzlies,96.0,@ Golden State Warriors,110.0
61,,,,,,
62,Eastern Conference First Round,Boston Celtics over Brooklyn Nets  (4-0),Series Stats,,,
63,"Game 1 Sun, April 17 Brooklyn Nets 114@ Boston Celtics 115 Game 2 Wed, April 20 Brooklyn Nets 107@ Boston Celtics 114 Game 3 Sat, April 23 Boston Celtics 109@ Brooklyn Nets 103 Game 4 Mon, April 25 Boston Celtics 116@ Brooklyn Nets 112","Game 1 Sun, April 17 Brooklyn Nets 114@ Boston Celtics 115 Game 2 Wed, April 20 Brooklyn Nets 107@ Boston Celtics 114 Game 3 Sat, April 23 Boston Celtics 109@ Brooklyn Nets 103 Game 4 Mon, April 25 Boston Celtics 116@ Brooklyn Nets 112","Game 1 Sun, April 17 Brooklyn Nets 114@ Boston Celtics 115 Game 2 Wed, April 20 Brooklyn Nets 107@ Boston Celtics 114 Game 3 Sat, April 23 Boston Celtics 109@ Brooklyn Nets 103 Game 4 Mon, April 25 Boston Celtics 116@ Brooklyn Nets 112",,,
64,Game 1,"Sun, April 17",Brooklyn Nets,114.0,@ Boston Celtics,115.0
65,Game 2,"Wed, April 20",Brooklyn Nets,107.0,@ Boston Celtics,114.0
66,Game 3,"Sat, April 23",Boston Celtics,109.0,@ Brooklyn Nets,103.0
67,Game 4,"Mon, April 25",Boston Celtics,116.0,@ Brooklyn Nets,112.0
68,Eastern Conference First Round,Miami Heat over Atlanta Hawks  (4-1),Series Stats,,,
69,"Game 1 Sun, April 17 Atlanta Hawks 91@ Miami Heat 115 Game 2 Tue, April 19 Atlanta Hawks 105@ Miami Heat 115 Game 3 Fri, April 22 Miami Heat 110@ Atlanta Hawks 111 Game 4 Sun, April 24 Miami Heat 110@ Atlanta Hawks 86 Game 5 Tue, April 26 Atlanta Hawks 94@ Miami Heat 97","Game 1 Sun, April 17 Atlanta Hawks 91@ Miami Heat 115 Game 2 Tue, April 19 Atlanta Hawks 105@ Miami Heat 115 Game 3 Fri, April 22 Miami Heat 110@ Atlanta Hawks 111 Game 4 Sun, April 24 Miami Heat 110@ Atlanta Hawks 86 Game 5 Tue, April 26 Atlanta Hawks 94@ Miami Heat 97","Game 1 Sun, April 17 Atlanta Hawks 91@ Miami Heat 115 Game 2 Tue, April 19 Atlanta Hawks 105@ Miami Heat 115 Game 3 Fri, April 22 Miami Heat 110@ Atlanta Hawks 111 Game 4 Sun, April 24 Miami Heat 110@ Atlanta Hawks 86 Game 5 Tue, April 26 Atlanta Hawks 94@ Miami Heat 97",,,
70,Game 1,"Sun, April 17",Atlanta Hawks,91.0,@ Miami Heat,115.0
71,Game 2,"Tue, April 19",Atlanta Hawks,105.0,@ Miami Heat,115.0
72,Game 3,"Fri, April 22",Miami Heat,110.0,@ Atlanta Hawks,111.0
73,Game 4,"Sun, April 24",Miami Heat,110.0,@ Atlanta Hawks,86.0
74,Game 5,"Tue, April 26",Atlanta Hawks,94.0,@ Miami Heat,97.0
75,Eastern Conference First Round,Milwaukee Bucks over Chicago Bulls  (4-1),Series Stats,,,
76,"Game 1 Sun, April 17 Chicago Bulls 86@ Milwaukee Bucks 93 Game 2 Wed, April 20 Chicago Bulls 114@ Milwaukee Bucks 110 Game 3 Fri, April 22 Milwaukee Bucks 111@ Chicago Bulls 81 Game 4 Sun, April 24 Milwaukee Bucks 119@ Chicago Bulls 95 Game 5 Wed, April 27 Chicago Bulls 100@ Milwaukee Bucks 116","Game 1 Sun, April 17 Chicago Bulls 86@ Milwaukee Bucks 93 Game 2 Wed, April 20 Chicago Bulls 114@ Milwaukee Bucks 110 Game 3 Fri, April 22 Milwaukee Bucks 111@ Chicago Bulls 81 Game 4 Sun, April 24 Milwaukee Bucks 119@ Chicago Bulls 95 Game 5 Wed, April 27 Chicago Bulls 100@ Milwaukee Bucks 116","Game 1 Sun, April 17 Chicago Bulls 86@ Milwaukee Bucks 93 Game 2 Wed, April 20 Chicago Bulls 114@ Milwaukee Bucks 110 Game 3 Fri, April 22 Milwaukee Bucks 111@ Chicago Bulls 81 Game 4 Sun, April 24 Milwaukee Bucks 119@ Chicago Bulls 95 Game 5 Wed, April 27 Chicago Bulls 100@ Milwaukee Bucks 116",,,
77,Game 1,"Sun, April 17",Chicago Bulls,86.0,@ Milwaukee Bucks,93.0
78,Game 2,"Wed, April 20",Chicago Bulls,114.0,@ Milwaukee Bucks,110.0
79,Game 3,"Fri, April 22",Milwaukee Bucks,111.0,@ Chicago Bulls,81.0
80,Game 4,"Sun, April 24",Milwaukee Bucks,119.0,@ Chicago Bulls,95.0
81,Game 5,"Wed, April 27",Chicago Bulls,100.0,@ Milwaukee Bucks,116.0
82,Eastern Conference First Round,Philadelphia 76ers over Toronto Raptors  (4-2),Series Stats,,,
83,"Game 1 Sat, April 16 Toronto Raptors 111@ Philadelphia 76ers 131 Game 2 Mon, April 18 Toronto Raptors 97@ Philadelphia 76ers 112 Game 3 Wed, April 20 Philadelphia 76ers 104@ Toronto Raptors 101 Game 4 Sat, April 23 Philadelphia 76ers 102@ Toronto Raptors 110 Game 5 Mon, April 25 Toronto Raptors 103@ Philadelphia 76ers 88 Game 6 Thu, April 28 Philadelphia 76ers 132@ Toronto Raptors 97","Game 1 Sat, April 16 Toronto Raptors 111@ Philadelphia 76ers 131 Game 2 Mon, April 18 Toronto Raptors 97@ Philadelphia 76ers 112 Game 3 Wed, April 20 Philadelphia 76ers 104@ Toronto Raptors 101 Game 4 Sat, April 23 Philadelphia 76ers 102@ Toronto Raptors 110 Game 5 Mon, April 25 Toronto Raptors 103@ Philadelphia 76ers 88 Game 6 Thu, April 28 Philadelphia 76ers 132@ Toronto Raptors 97","Game 1 Sat, April 16 Toronto Raptors 111@ Philadelphia 76ers 131 Game 2 Mon, April 18 Toronto Raptors 97@ Philadelphia 76ers 112 Game 3 Wed, April 20 Philadelphia 76ers 104@ Toronto Raptors 101 Game 4 Sat, April 23 Philadelphia 76ers 102@ Toronto Raptors 110 Game 5 Mon, April 25 Toronto Raptors 103@ Philadelphia 76ers 88 Game 6 Thu, April 28 Philadelphia 76ers 132@ Toronto Raptors 97",,,
84,Game 1,"Sat, April 16",Toronto Raptors,111.0,@ Philadelphia 76ers,131.0
85,Game 2,"Mon, April 18",Toronto Raptors,97.0,@ Philadelphia 76ers,112.0
86,Game 3,"Wed, April 20",Philadelphia 76ers,104.0,@ Toronto Raptors,101.0
87,Game 4,"Sat, April 23",Philadelphia 76ers,102.0,@ Toronto Raptors,110.0
88,Game 5,"Mon, April 25",Toronto Raptors,103.0,@ Philadelphia 76ers,88.0
89,Game 6,"Thu, April 28",Philadelphia 76ers,132.0,@ Toronto Raptors,97.0
90,Western Conference First Round,Dallas Mavericks over Utah Jazz  (4-2),Series Stats,,,
91,"Game 1 Sat, April 16 Utah Jazz 99@ Dallas Mavericks 93 Game 2 Mon, April 18 Utah Jazz 104@ Dallas Mavericks 110 Game 3 Thu, April 21 Dallas Mavericks 126@ Utah Jazz 118 Game 4 Sat, April 23 Dallas Mavericks 99@ Utah Jazz 100 Game 5 Mon, April 25 Utah Jazz 77@ Dallas Mavericks 102 Game 6 Thu, April 28 Dallas Mavericks 98@ Utah Jazz 96","Game 1 Sat, April 16 Utah Jazz 99@ Dallas Mavericks 93 Game 2 Mon, April 18 Utah Jazz 104@ Dallas Mavericks 110 Game 3 Thu, April 21 Dallas Mavericks 126@ Utah Jazz 118 Game 4 Sat, April 23 Dallas Mavericks 99@ Utah Jazz 100 Game 5 Mon, April 25 Utah Jazz 77@ Dallas Mavericks 102 Game 6 Thu, April 28 Dallas Mavericks 98@ Utah Jazz 96","Game 1 Sat, April 16 Utah Jazz 99@ Dallas Mavericks 93 Game 2 Mon, April 18 Utah Jazz 104@ Dallas Mavericks 110 Game 3 Thu, April 21 Dallas Mavericks 126@ Utah Jazz 118 Game 4 Sat, April 23 Dallas Mavericks 99@ Utah Jazz 100 Game 5 Mon, April 25 Utah Jazz 77@ Dallas Mavericks 102 Game 6 Thu, April 28 Dallas Mavericks 98@ Utah Jazz 96",,,
92,Game 1,"Sat, April 16",Utah Jazz,99.0,@ Dallas Mavericks,93.0
93,Game 2,"Mon, April 18",Utah Jazz,104.0,@ Dallas Mavericks,110.0
94,Game 3,"Thu, April 21",Dallas Mavericks,126.0,@ Utah Jazz,118.0
95,Game 4,"Sat, April 23",Dallas Mavericks,99.0,@ Utah Jazz,100.0
96,Game 5,"Mon, April 25",Utah Jazz,77.0,@ Dallas Mavericks,102.0
97,Game 6,"Thu, April 28",Dallas Mavericks,98.0,@ Utah Jazz,96.0
98,Western Conference First Round,Golden State Warriors over Denver Nuggets  (4-1),Series Stats,,,
99,"Game 1 Sat, April 16 Denver Nuggets 107@ Golden State Warriors 123 Game 2 Mon, April 18 Denver Nuggets 106@ Golden State Warriors 126 Game 3 Thu, April 21 Golden State Warriors 118@ Denver Nuggets 113 Game 4 Sun, April 24 Golden State Warriors 121@ Denver Nuggets 126 Game 5 Wed, April 27 Denver Nuggets 98@ Golden State Warriors 102","Game 1 Sat, April 16 Denver Nuggets 107@ Golden State Warriors 123 Game 2 Mon, April 18 Denver Nuggets 106@ Golden State Warriors 126 Game 3 Thu, April 21 Golden State Warriors 118@ Denver Nuggets 113 Game 4 Sun, April 24 Golden State Warriors 121@ Denver Nuggets 126 Game 5 Wed, April 27 Denver Nuggets 98@ Golden State Warriors 102","Game 1 Sat, April 16 Denver Nuggets 107@ Golden State Warriors 123 Game 2 Mon, April 18 Denver Nuggets 106@ Golden State Warriors 126 Game 3 Thu, April 21 Golden State Warriors 118@ Denver Nuggets 113 Game 4 Sun, April 24 Golden State Warriors 121@ Denver Nuggets 126 Game 5 Wed, April 27 Denver Nuggets 98@ Golden State Warriors 102",,,
100,Game 1,"Sat, April 16",Denver Nuggets,107.0,@ Golden State Warriors,123.0
101,Game 2,"Mon, April 18",Denver Nuggets,106.0,@ Golden State Warriors,126.0
102,Game 3,"Thu, April 21",Golden State Warriors,118.0,@ Denver Nuggets,113.0
103,Game 4,"Sun, April 24",Golden State Warriors,121.0,@ Denver Nuggets,126.0
104,Game 5,"Wed, April 27",Denver Nuggets,98.0,@ Golden State Warriors,102.0
105,Western Conference First Round,Memphis Grizzlies over Minnesota Timberwolves  (4-2),Series Stats,,,
106,"Game 1 Sat, April 16 Minnesota Timberwolves 130@ Memphis Grizzlies 117 Game 2 Tue, April 19 Minnesota Timberwolves 96@ Memphis Grizzlies 124 Game 3 Thu, April 21 Memphis Grizzlies 104@ Minnesota Timberwolves 95 Game 4 Sat, April 23 Memphis Grizzlies 118@ Minnesota Timberwolves 119 Game 5 Tue, April 26 Minnesota Timberwolves 109@ Memphis Grizzlies 111 Game 6 Fri, April 29 Memphis Grizzlies 114@ Minnesota Timberwolves 106","Game 1 Sat, April 16 Minnesota Timberwolves 130@ Memphis Grizzlies 117 Game 2 Tue, April 19 Minnesota Timberwolves 96@ Memphis Grizzlies 124 Game 3 Thu, April 21 Memphis Grizzlies 104@ Minnesota Timberwolves 95 Game 4 Sat, April 23 Memphis Grizzlies 118@ Minnesota Timberwolves 119 Game 5 Tue, April 26 Minnesota Timberwolves 109@ Memphis Grizzlies 111 Game 6 Fri, April 29 Memphis Grizzlies 114@ Minnesota Timberwolves 106","Game 1 Sat, April 16 Minnesota Timberwolves 130@ Memphis Grizzlies 117 Game 2 Tue, April 19 Minnesota Timberwolves 96@ Memphis Grizzlies 124 Game 3 Thu, April 21 Memphis Grizzlies 104@ Minnesota Timberwolves 95 Game 4 Sat, April 23 Memphis Grizzlies 118@ Minnesota Timberwolves 119 Game 5 Tue, April 26 Minnesota Timberwolves 109@ Memphis Grizzlies 111 Game 6 Fri, April 29 Memphis Grizzlies 114@ Minnesota Timberwolves 106",,,
107,Game 1,"Sat, April 16",Minnesota Timberwolves,130.0,@ Memphis Grizzlies,117.0
108,Game 2,"Tue, April 19",Minnesota Timberwolves,96.0,@ Memphis Grizzlies,124.0
109,Game 3,"Thu, April 21",Memphis Grizzlies,104.0,@ Minnesota Timberwolves,95.0
110,Game 4,"Sat, April 23",Memphis Grizzlies,118.0,@ Minnesota Timberwolves,119.0
111,Game 5,"Tue, April 26",Minnesota Timberwolves,109.0,@ Memphis Grizzlies,111.0
112,Game 6,"Fri, April 29",Memphis Grizzlies,114.0,@ Minnesota Timberwolves,106.0
113,Western Conference First Round,Phoenix Suns over New Orleans Pelicans  (4-2),Series Stats,,,
114,"Game 1 Sun, April 17 New Orleans Pelicans 99@ Phoenix Suns 110 Game 2 Tue, April 19 New Orleans Pelicans 125@ Phoenix Suns 114 Game 3 Fri, April 22 Phoenix Suns 114@ New Orleans Pelicans 111 Game 4 Sun, April 24 Phoenix Suns 103@ New Orleans Pelicans 118 Game 5 Tue, April 26 New Orleans Pelicans 97@ Phoenix Suns 112 Game 6 Thu, April 28 Phoenix Suns 115@ New Orleans Pelicans 109","Game 1 Sun, April 17 New Orleans Pelicans 99@ Phoenix Suns 110 Game 2 Tue, April 19 New Orleans Pelicans 125@ Phoenix Suns 114 Game 3 Fri, April 22 Phoenix Suns 114@ New Orleans Pelicans 111 Game 4 Sun, April 24 Phoenix Suns 103@ New Orleans Pelicans 118 Game 5 Tue, April 26 New Orleans Pelicans 97@ Phoenix Suns 112 Game 6 Thu, April 28 Phoenix Suns 115@ New Orleans Pelicans 109","Game 1 Sun, April 17 New Orleans Pelicans 99@ Phoenix Suns 110 Game 2 Tue, April 19 New Orleans Pelicans 125@ Phoenix Suns 114 Game 3 Fri, April 22 Phoenix Suns 114@ New Orleans Pelicans 111 Game 4 Sun, April 24 Phoenix Suns 103@ New Orleans Pelicans 118 Game 5 Tue, April 26 New Orleans Pelicans 97@ Phoenix Suns 112 Game 6 Thu, April 28 Phoenix Suns 115@ New Orleans Pelicans 109",,,
115,Game 1,"Sun, April 17",New Orleans Pelicans,99.0,@ Phoenix Suns,110.0
116,Game 2,"Tue, April 19",New Orleans Pelicans,125.0,@ Phoenix Suns,114.0
117,Game 3,"Fri, April 22",Phoenix Suns,114.0,@ New Orleans Pelicans,111.0
118,Game 4,"Sun, April 24",Phoenix Suns,103.0,@ New Orleans Pelicans,118.0
119,Game 5,"Tue, April 26",New Orleans Pelicans,97.0,@ Phoenix Suns,112.0
120,Game 6,"Thu, April 28",Phoenix Suns,115.0,@ New Orleans Pelicans,109.0
